MAIN_ID,oRA,oDE,n_Name,Name,MAG_USE,min,OK,c,RA,DEC,PMRA,PMDEC
25920,-34.8416,-37.5725, ,25920,11.04,25.12,1,100.0,5.992151,-72.09172,0.0,0.0
56876,20.2958,-1.1755, ,56876,11.92,23.43,1,100.0,6.041949,-72.08161,0.0,0.0
77150,11.5162,20.9173, ,77150,12.53,20.84,1,100.0,6.034019,-72.075473,0.0,0.0
54526,-18.7986,-3.6473, ,54526,12.54,20.97,1,100.0,6.006651,-72.082297,0.0,0.0
44711,-12.524,-14.2339, ,44711,12.61,23.31,1,100.0,6.012315,-72.085237,0.0,0.0
44076,9.6558,-14.9595, ,44076,12.69,24.18,1,100.0,6.032344,-72.085439,0.0,0.0
56062,-12.2496,-2.0215, ,56062,12.69,20.07,1,100.0,6.012566,-72.081845,0.0,0.0
81821,73.7345,26.5812, ,81821,12.72,25.95,1,100.0,6.090169,-72.0739,0.0,0.0
44696,-58.5239,-14.2494, ,44696,12.75,25.28,1,100.0,5.970776,-72.085242,0.0,0.0
88171,-9.3219,34.7824, ,88171,12.76,23.67,1,100.0,6.015213,-72.071622,0.0,0.0
65911,-9.0099,8.2924, ,65911,12.85,19.95,1,100.0,6.015492,-72.07898,0.0,0.0
117269,6.3902,83.1731, ,117269,12.86,26.24,1,100.0,6.029386,-72.05818,0.0,0.0
33529,9.7311,-27.4964, ,33529,12.87,22.81,1,100.0,6.032415,-72.088921,0.0,0.0
65279,2.5676,7.5966, ,65279,12.88,23.11,1,100.0,6.025942,-72.079173,0.0,0.0
113062,-51.2336,74.2452, ,113062,12.89,26.02,1,100.0,5.977421,-72.06066,0.0,0.0
59965,-8.0402,2.0442, ,59965,12.9,21.04,1,100.0,6.016366,-72.080716,0.0,0.0
60167,12.0023,2.2563, ,60167,12.9,23.01,1,100.0,6.034461,-72.080657,0.0,0.0
64403,-5.1854,6.6811, ,64403,12.92,22.89,1,99.96,6.018944,-72.079428,0.0,0.0
42193,-8.0122,-17.1761, ,42193,12.93,22.8,1,100.0,6.016389,-72.086055,0.0,0.0
42097,9.4105,-17.2653, ,42097,12.95,22.62,1,99.96,6.032124,-72.086079,0.0,0.0
91003,11.8994,38.5562, ,91003,12.95,23.58,1,100.0,6.034362,-72.070574,0.0,0.0
94704,-17.9245,43.6883, ,94704,12.95,22.6,1,100.0,6.007452,-72.069148,0.0,0.0
66481,12.1084,8.9633, ,66481,12.96,20.19,1,100.0,6.034556,-72.078794,0.0,0.0
119320,27.2065,87.7734, ,119320,12.96,24.87,1,100.0,6.048156,-72.056902,0.0,0.0
66015,41.7392,8.4115, ,66015,12.97,23.96,1,100.0,6.061305,-72.078947,0.0,0.0
68686,-1.7642,11.3514, ,68686,12.97,21.85,1,100.0,6.022032,-72.07813,0.0,0.0
128011,14.6922,113.4955, ,128011,12.97,24.63,1,100.0,6.036867,-72.049757,0.0,0.0
60107,-11.896,2.2027, ,60107,12.98,22.96,1,99.91,6.012885,-72.080672,0.0,0.0
56630,-2.903,-1.4133,M,56630,12.99,22.98,1,100.0,6.021004,-72.081676,0.0,0.0
65908,12.2406,8.2894, ,65908,12.99,20.16,1,99.96,6.034676,-72.078981,0.0,0.0
82155,-35.0061,26.9913, ,82155,12.99,20.49,1,100.0,5.992032,-72.073786,0.0,0.0
107440,-66.9892,63.9305, ,107440,12.99,23.9,1,100.0,5.963202,-72.063525,0.0,0.0
116728,-35.0909,81.9931, ,116728,13.0,26.68,1,100.0,5.991982,-72.058508,0.0,0.0
72029,4.0472,15.0925, ,72029,13.01,22.61,1,100.0,6.027277,-72.077091,0.0,0.0
64393,-19.2714,6.6665, ,64393,13.06,21.22,1,100.0,6.006228,-72.079432,0.0,0.0
24389,-40.6625,-39.7221, ,24389,13.08,26.18,1,100.0,5.986891,-72.092317,0.0,0.0
49545,-2.8694,-8.8932, ,49545,13.08,21.66,1,100.0,6.021034,-72.083754,0.0,0.0
58116,33.7196,0.1431, ,58116,13.08,23.19,1,100.0,6.054069,-72.081244,0.0,0.0
85907,-70.3049,31.7372, ,85907,13.08,26.76,1,100.0,5.960181,-72.072468,0.0,0.0
91830,73.9922,39.7365, ,91830,13.08,26.08,1,100.0,6.090389,-72.070246,0.0,0.0
66963,59.4216,9.4932, ,66963,13.09,19.73,1,100.0,6.077266,-72.078647,0.0,0.0
118642,85.3934,86.2722, ,118642,13.1,24.94,1,100.0,6.100623,-72.057319,0.0,0.0
26612,-37.7144,-36.5945, ,26612,13.12,24.09,1,99.85,5.989556,-72.091449,0.0,0.0
40986,13.6388,-18.5866, ,40986,13.12,20.97,1,99.96,6.035941,-72.086447,0.0,0.0
48825,23.3858,-9.6541, ,48825,13.12,20.63,1,100.0,6.044742,-72.083965,0.0,0.0
61093,68.3898,3.2001, ,61093,13.12,25.09,1,100.0,6.085368,-72.080395,0.0,0.0
84286,9.4194,29.6502, ,84286,13.12,23.58,1,100.0,6.032126,-72.073047,0.0,0.0
90150,-58.1313,37.3568, ,90150,13.12,26.1,1,100.0,5.97117,-72.070907,0.0,0.0
124265,-77.552,100.0895, ,124265,13.12,26.01,1,100.0,5.953711,-72.053481,0.0,0.0
127807,-19.6103,112.3215, ,127807,13.12,26.97,1,100.0,6.005949,-72.050083,0.0,0.0
61774,17.0215,3.9127, ,61774,13.16,22.37,1,100.0,6.038992,-72.080197,0.0,0.0
30876,-19.808,-30.9609, ,30876,13.17,21.19,1,100.0,6.005733,-72.089884,0.0,0.0
44000,-50.6603,-15.0473, ,44000,13.18,23.61,1,100.0,5.977876,-72.085463,0.0,0.0
60811,-75.1518,2.9102, ,60811,13.18,25.89,1,100.0,5.955777,-72.080475,0.0,0.0
73764,12.4591,17.0294, ,73764,13.18,23.48,1,99.94,6.034871,-72.076553,0.0,0.0
84561,80.6237,30.0188, ,84561,13.18,23.92,1,100.0,6.096384,-72.072945,0.0,0.0
58397,36.8546,0.4386, ,58397,13.2,21.97,1,99.96,6.056899,-72.081162,0.0,0.0
47985,1.3424,-10.6171, ,47985,13.21,20.63,1,99.96,6.024837,-72.084233,0.0,0.0
72966,-13.0314,16.1485, ,72966,13.21,22.3,1,100.0,6.011862,-72.076798,0.0,0.0
42764,25.0972,-16.5173, ,42764,13.22,23.03,1,100.0,6.04629,-72.085872,0.0,0.0
78592,53.2301,22.6848, ,78592,13.23,26.63,1,100.0,6.071667,-72.074982,0.0,0.0
82054,4.6633,26.8764, ,82054,13.24,23.9,1,100.0,6.027834,-72.073818,0.0,0.0
99642,-40.7367,50.8639, ,99642,13.24,25.19,1,100.0,5.986874,-72.067155,0.0,0.0
44461,-14.8949,-14.5095, ,44461,13.25,23.32,1,99.94,6.010174,-72.085314,0.0,0.0
127286,46.8836,110.1414, ,127286,13.26,24.5,1,100.0,6.065884,-72.050689,0.0,0.0
42754,0.2784,-16.5332, ,42754,13.28,20.98,1,100.0,6.023877,-72.085876,0.0,0.0
122005,33.886,93.9822, ,122005,13.28,23.44,1,100.0,6.054176,-72.055177,0.0,0.0
59001,25.3682,1.0219, ,59001,13.29,20.66,1,100.0,6.046529,-72.081,0.0,0.0
27325,-27.3808,-35.6424, ,27325,13.3,24.09,1,100.0,5.998891,-72.091184,0.0,0.0
46415,-4.0732,-12.3743, ,46415,13.3,19.26,1,99.96,6.019947,-72.084721,0.0,0.0
75156,45.9096,18.6303, ,75156,13.3,23.23,1,100.0,6.065062,-72.076108,0.0,0.0
122386,-13.7307,94.9712, ,122386,13.3,24.92,1,100.0,6.011246,-72.054903,0.0,0.0
56177,24.0252,-1.9034, ,56177,13.31,19.65,1,99.88,6.045316,-72.081812,0.0,0.0
80969,41.2101,25.5212, ,80969,13.31,25.13,1,100.0,6.060817,-72.074194,0.0,0.0
94838,4.1926,43.8687, ,94838,13.33,23.02,1,100.0,6.027408,-72.069098,0.0,0.0
46095,-13.2642,-12.7217, ,46095,13.34,21.32,1,99.9,6.011647,-72.084817,0.0,0.0
127975,-79.0747,113.2777, ,127975,13.34,23.96,1,100.0,5.952354,-72.049818,0.0,0.0
69236,22.4703,11.9797, ,69236,13.35,21.87,1,100.0,6.043908,-72.077956,0.0,0.0
102603,-23.5595,55.6269, ,102603,13.35,25.49,1,100.0,6.002371,-72.065832,0.0,0.0
103613,34.7356,57.3439, ,103613,13.35,27.0,1,100.0,6.054959,-72.065355,0.0,0.0
104154,13.2137,58.2335, ,104154,13.35,24.2,1,100.0,6.035544,-72.065108,0.0,0.0
98089,-17.9443,48.5554, ,98089,13.36,20.4,1,99.95,6.007436,-72.067796,0.0,0.0
65509,-2.742,7.8586, ,65509,13.38,21.9,1,99.89,6.02115,-72.079101,0.0,0.0
103915,-28.9514,57.8576, ,103915,13.38,25.31,1,100.0,5.997509,-72.065212,0.0,0.0
57944,-77.7295,-0.0324, ,57944,13.39,24.06,1,99.96,5.953447,-72.081293,0.0,0.0
66716,11.414,9.2111, ,66716,13.39,20.42,1,99.89,6.033929,-72.078725,0.0,0.0
11479,-86.0798,-59.9626, ,11479,13.4,23.17,1,100.0,5.945838,-72.09794,0.0,0.0
56820,-18.1082,-1.2319, ,56820,13.4,21.62,1,99.94,6.007275,-72.081626,0.0,0.0
24072,43.5561,-40.2269, ,24072,13.41,23.52,1,100.0,6.062973,-72.092458,0.0,0.0
73263,43.5471,16.4811, ,73263,13.41,26.24,1,99.96,6.062932,-72.076705,0.0,0.0
23247,3.4746,-41.3719, ,23247,13.42,24.09,1,100.0,6.026764,-72.092776,0.0,0.0
42849,40.3246,-16.4168, ,42849,13.42,24.12,1,100.0,6.060041,-72.085844,0.0,0.0
68971,-6.8114,11.6799, ,68971,13.43,21.42,1,99.94,6.017476,-72.078039,0.0,0.0
69795,-34.181,12.591, ,69795,13.44,22.02,1,100.0,5.99277,-72.077786,0.0,0.0
113227,32.7351,74.5789, ,113227,13.44,26.19,1,100.0,6.053146,-72.060567,0.0,0.0
53252,-13.4761,-5.0018, ,53252,13.45,22.37,1,99.94,6.011457,-72.082673,0.0,0.0
62415,65.4339,4.5867, ,62415,13.45,24.01,1,99.95,6.082698,-72.080009,0.0,0.0
45351,-30.3391,-13.5577, ,45351,13.46,23.87,1,100.0,5.996227,-72.08505,0.0,0.0
78000,-39.7719,21.94, ,78000,13.46,21.63,1,100.0,5.987729,-72.075189,0.0,0.0
97967,80.9357,48.382, ,97967,13.46,25.27,1,100.0,6.096645,-72.067844,0.0,0.0
63822,-44.273,6.0568, ,63822,13.47,25.57,1,100.0,5.983656,-72.079601,0.0,0.0
80247,-17.3545,24.61, ,80247,13.47,23.63,1,100.0,6.007962,-72.074447,0.0,0.0
22233,25.7337,-42.8165, ,22233,13.48,21.06,1,100.0,6.046874,-72.093177,0.0,0.0
61430,-0.0546,3.5371, ,61430,13.48,20.87,1,99.94,6.023576,-72.080301,0.0,0.0
42810,13.419,-16.4637, ,42810,13.49,19.54,1,99.83,6.035744,-72.085857,0.0,0.0
23348,20.8779,-41.2311, ,23348,13.5,23.64,1,100.0,6.042486,-72.092737,0.0,0.0
23640,-24.6495,-40.8274, ,23640,13.5,23.04,1,100.0,6.001356,-72.092624,0.0,0.0
115670,70.9785,79.7295, ,115670,13.5,27.07,1,100.0,6.087631,-72.059136,0.0,0.0
126057,-11.1944,105.601, ,126057,13.51,24.78,1,100.0,6.013534,-72.05195,0.0,0.0
33660,-26.9649,-27.3346, ,33660,13.52,23.77,1,100.0,5.999269,-72.088877,0.0,0.0
43726,-20.9004,-15.3935, ,43726,13.52,23.42,1,100.0,6.004751,-72.08556,0.0,0.0
69109,-34.7469,11.8316, ,69109,13.52,21.94,1,99.96,5.992259,-72.077997,0.0,0.0
128184,29.9526,114.3533, ,128184,13.52,25.38,1,100.0,6.050622,-72.049519,0.0,0.0
54307,-13.0276,-3.8785, ,54307,13.53,22.53,1,99.89,6.011862,-72.082361,0.0,0.0
12794,-70.9394,-57.6423, ,12794,13.54,25.12,1,100.0,5.959522,-72.097295,0.0,0.0
23218,-96.689,-41.4036, ,23218,13.54,24.89,1,100.0,5.936276,-72.092785,0.0,0.0
26127,8.2921,-37.2777, ,26127,13.54,23.59,1,100.0,6.031116,-72.091638,0.0,0.0
33300,-39.4558,-27.7988, ,33300,13.54,23.55,1,100.0,5.987988,-72.089005,0.0,0.0
34527,62.6619,-26.2474,M,34527,13.54,24.55,1,100.0,6.080221,-72.088575,0.0,0.0
67980,17.0535,10.5846, ,67980,13.54,22.37,1,100.0,6.039019,-72.078343,0.0,0.0
74448,1.9034,17.8419, ,74448,13.54,20.03,1,99.95,6.025342,-72.076327,0.0,0.0
77554,9.2256,21.4156, ,77554,13.54,24.74,1,99.93,6.031951,-72.075335,0.0,0.0
55968,-11.7076,-2.1185, ,55968,13.55,19.2,1,99.8,6.013054,-72.081872,0.0,0.0
79634,-4.5276,23.9055, ,79634,13.55,24.65,1,100.0,6.019539,-72.074643,0.0,0.0
118793,82.173,86.5926, ,118793,13.55,26.46,1,99.95,6.097719,-72.05723,0.0,0.0
61477,87.8591,3.5995, ,61477,13.56,25.23,1,100.0,6.102945,-72.080284,0.0,0.0
97018,82.6451,46.9676, ,97018,13.57,27.2,1,99.96,6.098189,-72.068237,0.0,0.0
26351,-75.0288,-36.9571, ,26351,13.58,24.3,1,100.0,5.955847,-72.091549,0.0,0.0
39147,8.7496,-20.6618, ,39147,13.58,22.95,1,99.94,6.031527,-72.087023,0.0,0.0
45623,42.2079,-13.2539, ,45623,13.58,22.32,1,99.96,6.06174,-72.084965,0.0,0.0
116350,70.5855,81.2112, ,116350,13.59,26.45,1,99.96,6.087276,-72.058725,0.0,0.0
76521,-2.2826,20.191, ,76521,13.6,21.64,1,99.92,6.021564,-72.075675,0.0,0.0
86730,-5.8645,32.807, ,86730,13.6,23.07,1,99.94,6.018333,-72.072171,0.0,0.0
72096,-13.0951,15.1655, ,72096,13.61,21.0,1,99.95,6.011805,-72.077071,0.0,0.0
69618,-15.6155,12.4089, ,69618,13.62,22.51,1,99.91,6.009529,-72.077837,0.0,0.0
80082,37.1528,24.4303, ,80082,13.62,23.87,1,99.95,6.057156,-72.074497,0.0,0.0
63881,-10.7395,6.1292, ,63881,13.63,22.82,1,99.83,6.013929,-72.079581,0.0,0.0
71833,-57.214,14.8758, ,71833,13.63,20.58,1,100.0,5.971981,-72.077151,0.0,0.0
97974,-23.0955,48.3931, ,97974,13.63,23.95,1,100.0,6.002789,-72.067841,0.0,0.0
39477,-4.6388,-20.2985, ,39477,13.64,23.32,1,99.94,6.019436,-72.086922,0.0,0.0
45585,44.4901,-13.2899, ,45585,13.64,24.81,1,99.96,6.063801,-72.084975,0.0,0.0
66759,0.399,9.2643, ,66759,13.64,21.19,1,99.83,6.023985,-72.07871,0.0,0.0
56400,6.8087,-1.6648,M,56400,13.67,23.84,1,100.0,6.029772,-72.081746,0.0,0.0
57235,-1.0646,-0.793, ,57235,13.68,21.57,1,99.89,6.022664,-72.081504,0.0,0.0
84729,0.7208,30.2303, ,84729,13.68,21.08,1,100.0,6.024276,-72.072886,0.0,0.0
96278,-20.9691,45.91, ,96278,13.68,25.85,1,99.86,6.004706,-72.068531,0.0,0.0
52296,-4.5324,-5.983,M,52296,13.69,23.94,1,99.89,6.019533,-72.082946,0.0,0.0
51754,-19.3535,-6.5563, ,51754,13.7,24.45,1,99.93,6.00615,-72.083105,0.0,0.0
62718,16.9258,4.8893, ,62718,13.7,21.83,1,99.94,6.038906,-72.079925,0.0,0.0
76080,-59.7398,19.6793, ,76080,13.71,26.77,1,100.0,5.969704,-72.075817,0.0,0.0
116869,92.5221,82.2781, ,116869,13.71,23.18,1,100.0,6.107055,-72.058429,0.0,0.0
124826,91.8736,101.6556, ,124826,13.72,26.51,1,100.0,6.106447,-72.053046,0.0,0.0
57474,-16.3963,-0.5247, ,57474,13.74,23.1,1,99.74,6.008821,-72.081429,0.0,0.0
78582,-65.2291,22.6725, ,78582,13.74,25.08,1,100.0,5.964753,-72.074986,0.0,0.0
82468,-40.1064,27.3722, ,82468,13.74,22.41,1,100.0,5.98743,-72.07368,0.0,0.0
114133,-25.908,76.4563, ,114133,13.74,26.34,1,100.0,6.000261,-72.060046,0.0,0.0
50606,-1.0859,-7.7367, ,50606,13.75,20.86,1,99.85,6.022644,-72.083433,0.0,0.0
77415,-50.0379,21.2474, ,77415,13.75,22.21,1,100.0,5.978463,-72.075382,0.0,0.0
79910,86.1256,24.2287, ,79910,13.75,23.42,1,100.0,6.101355,-72.074553,0.0,0.0
8263,68.2385,-65.79, ,8263,13.76,23.1,1,100.0,6.085294,-72.099559,0.0,0.0
43944,-13.2743,-15.1125, ,43944,13.76,22.16,1,99.81,6.011637,-72.085481,0.0,0.0
49916,6.1194,-8.4965, ,49916,13.76,21.66,1,100.0,6.029151,-72.083644,0.0,0.0
70908,20.795,13.8246, ,70908,13.77,22.99,1,99.93,6.042396,-72.077443,0.0,0.0
5042,41.5892,-73.2392, ,5042,13.78,15.64,1,100.0,6.061215,-72.101628,0.0,0.0
44495,27.3502,-14.4677, ,44495,13.78,24.81,1,99.94,6.048324,-72.085302,0.0,0.0
66559,19.8757,9.0503, ,66559,13.78,23.32,1,99.88,6.041568,-72.07877,0.0,0.0
74376,4.9705,17.7724, ,74376,13.78,21.55,1,99.89,6.028111,-72.076347,0.0,0.0
45329,32.3952,-13.58, ,45329,13.79,24.28,1,100.0,6.052879,-72.085056,0.0,0.0
58290,-15.615,0.3223, ,58290,13.8,23.27,1,99.7,6.009526,-72.081194,0.0,0.0
67449,48.1459,10.0278, ,67449,13.8,19.56,1,100.0,6.067087,-72.078498,0.0,0.0
72247,-0.2224,15.3423, ,72247,13.8,21.35,1,99.83,6.023424,-72.077022,0.0,0.0
83911,31.8696,29.1995, ,83911,13.8,21.56,1,100.0,6.052386,-72.073173,0.0,0.0
34939,8.5015,-25.7553, ,34939,13.81,23.66,1,99.94,6.031304,-72.088438,0.0,0.0
41558,-75.6025,-17.8839, ,41558,13.81,27.52,1,100.0,5.955349,-72.086251,0.0,0.0
67750,-4.3065,10.35, ,67750,13.81,21.27,1,99.73,6.019737,-72.078409,0.0,0.0
80721,50.3119,25.2021, ,80721,13.81,22.3,1,99.95,6.069031,-72.074283,0.0,0.0
11981,67.2163,-59.0501, ,11981,13.82,23.55,1,100.0,6.084364,-72.097686,0.0,0.0
41883,4.5522,-17.52, ,41883,13.82,22.41,1,99.88,6.027736,-72.08615,0.0,0.0
44487,-7.1822,-14.4833, ,44487,13.82,23.63,1,99.89,6.017139,-72.085307,0.0,0.0
62301,-43.48,4.4586, ,62301,13.82,22.08,1,99.96,5.984371,-72.080045,0.0,0.0
121180,-18.5972,92.0082, ,121180,13.82,25.41,1,100.0,6.006858,-72.055726,0.0,0.0
55758,2.9074,-2.3297, ,55758,13.83,18.68,1,99.91,6.02625,-72.081931,0.0,0.0
47482,-0.8184,-11.1668, ,47482,13.84,22.27,1,99.8,6.022886,-72.084385,0.0,0.0
77672,-9.6796,21.5681, ,77672,13.84,19.06,1,100.0,6.014889,-72.075292,0.0,0.0
111813,22.274,71.8015, ,111813,13.84,24.7,1,100.0,6.043713,-72.061339,0.0,0.0
113462,111.1158,75.0662, ,113462,13.84,30.29,1,100.0,6.123832,-72.060432,0.0,0.0
11642,54.2468,-59.6529, ,11642,13.85,24.37,1,100.0,6.072645,-72.097854,0.0,0.0
63217,-23.9062,5.3843, ,63217,13.85,23.77,1,99.93,6.002043,-72.079788,0.0,0.0
80074,1.017,24.4255, ,80074,13.85,19.85,1,99.94,6.024543,-72.074499,0.0,0.0
106037,33.6041,61.4531, ,106037,13.85,23.39,1,99.95,6.053937,-72.064213,0.0,0.0
107924,-12.0993,64.8186, ,107924,13.85,24.71,1,100.0,6.012712,-72.063278,0.0,0.0
112244,-18.4593,72.6142, ,112244,13.85,25.32,1,100.0,6.006976,-72.061113,0.0,0.0
61604,5.1801,3.7205,M,61604,13.86,22.56,1,99.93,6.028302,-72.08025,0.0,0.0
70622,-17.4576,13.5135, ,70622,13.86,22.62,1,99.91,6.007866,-72.07753,0.0,0.0
86211,60.4156,32.1414, ,86211,13.86,21.9,1,100.0,6.078146,-72.072355,0.0,0.0
91075,55.5626,38.6417, ,91075,13.86,24.39,1,100.0,6.073761,-72.07055,0.0,0.0
4356,-15.9486,-75.2271, ,4356,13.88,24.33,1,100.0,6.00921,-72.10218,0.0,0.0
99782,41.0961,51.1084, ,99782,13.88,25.15,1,100.0,6.060701,-72.067087,0.0,0.0
23911,6.4522,-40.4345, ,23911,13.89,19.39,1,99.9,6.029454,-72.092515,0.0,0.0
60016,6.0864,2.1052, ,60016,13.89,21.87,1,99.91,6.029119,-72.080699,0.0,0.0
72721,-2.7205,15.856, ,72721,13.89,22.55,1,99.83,6.021169,-72.076879,0.0,0.0
95565,3.8235,44.875, ,95565,13.89,22.46,1,99.95,6.027075,-72.068818,0.0,0.0
41897,10.6724,-17.5038, ,41897,13.9,23.22,1,99.69,6.033262,-72.086146,0.0,0.0
42305,-66.7878,-17.0484, ,42305,13.9,24.87,1,100.0,5.96331,-72.086019,0.0,0.0
67334,-31.6079,9.9066, ,67334,13.9,22.78,1,99.9,5.995092,-72.078532,0.0,0.0
81591,-75.3075,26.3084, ,81591,13.9,23.62,1,100.0,5.95566,-72.073976,0.0,0.0
60230,1.7994,2.3251, ,60230,13.91,18.09,1,99.78,6.025249,-72.080638,0.0,0.0
70487,-10.3085,13.3506, ,70487,13.91,22.99,1,99.84,6.014321,-72.077575,0.0,0.0
101119,-30.4802,53.2963, ,101119,13.91,24.27,1,99.94,5.996129,-72.066479,0.0,0.0
111823,34.7048,71.8195, ,111823,13.91,23.83,1,99.95,6.054924,-72.061334,0.0,0.0
2088,5.2874,-82.8199, ,2088,13.92,24.01,1,100.0,6.028404,-72.104289,0.0,0.0
46613,-4.2602,-12.1191, ,46613,13.92,18.64,1,99.8,6.019777,-72.08465,0.0,0.0
64397,70.9707,6.6694, ,64397,13.92,26.01,1,99.94,6.087694,-72.079431,0.0,0.0
52083,18.0685,-6.2008, ,52083,13.93,21.63,1,100.0,6.039939,-72.083006,0.0,0.0
74524,-3.2733,17.9293, ,74524,13.93,18.6,1,99.87,6.02067,-72.076303,0.0,0.0
21920,5.8035,-43.2798, ,21920,13.94,23.99,1,99.91,6.028867,-72.093306,0.0,0.0
39819,51.4971,-19.8931, ,39819,13.94,23.41,1,100.0,6.070132,-72.086809,0.0,0.0
72520,0.6344,15.6375, ,72520,13.94,19.9,1,99.65,6.024198,-72.07694,0.0,0.0
77820,-11.4686,21.7241, ,77820,13.94,23.45,1,99.96,6.013274,-72.075249,0.0,0.0
41861,-58.4188,-17.543, ,41861,13.95,24.36,1,99.92,5.970867,-72.086157,0.0,0.0
55262,-11.2384,-2.8784, ,55262,13.95,21.78,1,99.76,6.013477,-72.082083,0.0,0.0
56637,-45.545,-1.4067, ,56637,13.95,24.46,1,100.0,5.982504,-72.081674,0.0,0.0
31387,-86.4879,-30.2888, ,31387,13.96,28.14,1,100.0,5.945504,-72.089697,0.0,0.0
33134,5.9225,-28.004, ,33134,13.96,23.93,1,99.89,6.028974,-72.089062,0.0,0.0
67548,1.0475,10.1216, ,67548,13.96,22.79,1,99.76,6.02457,-72.078472,0.0,0.0
72407,8.2635,15.5191, ,72407,13.97,22.01,1,99.82,6.031084,-72.076973,0.0,0.0
129491,-42.1387,123.429, ,129491,13.97,21.98,1,100.0,5.985651,-72.046998,0.0,0.0
38648,30.1345,-21.2427, ,38648,13.98,24.77,1,100.0,6.050841,-72.087184,0.0,0.0
50192,-32.236,-8.2108, ,50192,13.98,21.52,1,100.0,5.994517,-72.083564,0.0,0.0
71383,54.6306,14.347, ,71383,13.98,22.36,1,100.0,6.072937,-72.077298,0.0,0.0
71718,-21.9032,14.7485, ,71718,13.98,23.55,1,99.96,6.003854,-72.077187,0.0,0.0
105066,98.7947,59.8065, ,105066,13.98,22.95,1,100.0,6.112741,-72.064671,0.0,0.0
36534,-0.4188,-23.7871, ,36534,13.99,23.3,1,100.0,6.023247,-72.087891,0.0,0.0
39141,21.5179,-20.669, ,39141,13.99,22.87,1,100.0,6.043059,-72.087025,0.0,0.0
45257,18.2516,-13.6455, ,45257,13.99,23.35,1,100.0,6.040107,-72.085074,0.0,0.0
60229,-37.9875,2.3244, ,60229,13.99,23.26,1,100.0,5.989329,-72.080638,0.0,0.0
62759,20.8592,4.9302, ,62759,13.99,20.76,1,99.83,6.042456,-72.079914,0.0,0.0
67050,-0.1988,9.6017, ,67050,13.99,20.84,1,99.67,6.023445,-72.078616,0.0,0.0
70803,-16.5013,13.6911, ,70803,13.99,18.32,1,99.8,6.00873,-72.07748,0.0,0.0
72732,0.2699,15.8666, ,72732,13.99,19.85,1,99.64,6.023868,-72.076876,0.0,0.0
7267,-20.1212,-67.9163, ,7267,14.0,20.54,1,100.0,6.005441,-72.100149,0.0,0.0
28008,41.393,-34.7301, ,28008,14.0,23.61,1,100.0,6.061016,-72.090931,0.0,0.0
47727,-12.0082,-10.8892, ,47727,14.0,23.63,1,99.74,6.012781,-72.084308,0.0,0.0
64711,14.6216,6.9924, ,64711,14.0,18.41,1,99.65,6.036825,-72.079341,0.0,0.0
67256,47.853,9.82, ,67256,14.0,19.35,1,99.96,6.066822,-72.078556,0.0,0.0
84577,1.3579,30.0444, ,84577,14.0,20.76,1,99.88,6.024851,-72.072938,0.0,0.0
93639,13.774,42.2156, ,93639,14.0,24.06,1,99.93,6.036052,-72.069557,0.0,0.0
